{
    "ServiceName": "MoveAround",
    "Function": "ActionServer",
    "Functions": [{
        "name": "moveHorizontal",
        "parameters": [{
            "position": 1,
            "type": "int",
            "name": "integer"
        }, {
            "position": 2,
            "type": "String",
            "name": "string"
        }],
        "returnType": "int"
    }, {
        "name": "moveVertical",
        "parameters": [{
            "position": 1,
            "type": "int",
            "name": "integer"
        }, {
            "position": 2,
            "type": "String",
            "name": "string"
        }],
        "returnType": "int"
    }]
}
